program_name,city,latitude,longitude
Музыка и дополнительное образование (театральное творчество),Тула,54.1930321,37.61754
Кадровый менеджмент (HR-менеджмент),Санкт-Петербург,59.9606739,30.1586551
Торговля непродовольственными товарами,Санкт-Петербург,59.9606739,30.1586551
Страхование,Санкт-Петербург,59.9606739,30.1586551
Реклама в креативных индустриях,Санкт-Петербург,59.9606739,30.1586551
Реклама в медиаиндустрии,Санкт-Петербург,59.9606739,30.1586551
Мехатронные системы вертикального транспорта,Санкт-Петербург,59.9606739,30.1586551
Связи с общественностью в сфере государственного и муниципального управления,Санкт-Петербург,59.9606739,30.1586551
Экономика и технология на предприятиях текстильной промышленности,Санкт-Петербург,59.9606739,30.1586551
Информационные технологии и программирование в автоматизации,Москва,55.625578,37.6063916
Роботизированные системы и искусственный интеллект,Москва,55.625578,37.6063916
Управление цифровыми платформами,Москва,55.625578,37.6063916
"Проектирование и интеграция информационных систем: архитектура, дизайн, DevOps",Москва,55.625578,37.6063916
Операционный менеджмент в индустрии гостеприимства,Москва,55.625578,37.6063916
Мировые рынки биотехнологий (сетевая программа с МГИМО МИД России),Москва,55.625578,37.6063916
Управление бизнесом в биоэкономике,Москва,55.625578,37.6063916
Безопасность технологических производств и экосистем,Москва,55.625578,37.6063916
Генная инженерия и моделирование биологических систем,Москва,55.625578,37.6063916
Ветеринария мелких домашних и экзотических животных,Москва,55.625578,37.6063916
Управление биологической безопасностью,Москва,55.625578,37.6063916
Дизайн и брендинг упаковочных решений,Москва,55.625578,37.6063916
Химия и биотехнология полимеров,Москва,55.625578,37.6063916
Биоэкономика: геномные технологии и биоинформатика,Москва,55.625578,37.6063916
"Технологии кондитерских изделий, шоколада и кофе",Москва,55.625578,37.6063916
Технологии продуктов длительного хранения,Москва,55.625578,37.6063916
Разработка программного обеспечения цифровых комплексов,Санкт-Петербург,59.9606739,30.1586551
Практическая и консультативная психология,Санкт-Петербург,59.9606739,30.1586551
Администрирование информационно-коммуникационных систем и сервисов,Санкт-Петербург,59.9606739,30.1586551
Прикладная математика и физика в биомедицине,Санкт-Петербург,59.9606739,30.1586551
Моделирование здоровья,Москва,55.625578,37.6063916
Управление коммуникациями,Калининград,54.710128,20.5105838
Малоэтажное строительство и ландшафтный дизайн,Братск,56.1517085,101.6334907
Художественный дизайн в культуре массовых коммуникаций,Челябинск,55.1598408,61.4025547
Физическая культура. Безопасность жизнедеятельности и основы применения БПЛА,Шуя,56.8558465,41.3838496
Технология. Дополнительное образование в сфере креативных индустрий,Шуя,56.8558465,41.3838496
Экономическое образование и предпринимательство,Шуя,56.8558465,41.3838496
Изобразительное искусство и медиадизайн,Шуя,56.8558465,41.3838496
Нейроанимация и цифровое кино,Москва,55.625578,37.6063916
"Инклюзия в образовательной, социальной и профессиональной деятельности",Москва,55.625578,37.6063916
Теория и практика перевода,Москва,55.625578,37.6063916
Педагогический дизайн и управление образовательными проектами,Москва,55.625578,37.6063916
Менеджмент в девелопменте,Москва,55.625578,37.6063916
Бизнес-аналитика и прикладной анализ данных,Москва,55.625578,37.6063916
Цифровые технологии в бизнесе,Москва,55.625578,37.6063916
Автономные источники энергии,Москва,55.625578,37.6063916
Инновационные материалы и наноматериалы,Москва,55.625578,37.6063916
Геоаналитика,Москва,55.625578,37.6063916
Системы обработки данных и машинное обучение,Москва,55.625578,37.6063916
Продюсирование мероприятий и маркетинг в туризме,Челябинск,55.1598408,61.4025547
Управление в международном гостиничном бизнесе,Челябинск,55.1598408,61.4025547
Дизайн одежды и управление модным брендом,Челябинск,55.1598408,61.4025547
Веб-дизайн и проектирование цифровых продуктов,Челябинск,55.1598408,61.4025547
Прикладная информатика и системы искусственного интеллекта,Пермь,58.0108531,56.2318528
Тюркология и балканистика,Москва,55.625578,37.6063916
Юго-восточная Азия в новом технологическом укладе,Москва,55.625578,37.6063916
"Политика, бизнес и корпоративные коммуникации в Восточной Азии (корейский и японский языки)",Москва,55.625578,37.6063916
История и Дополнительное образование (туристско-краеведческая направленность),Пермь,58.0108531,56.2318528
"Отечественная филология (компаративистика: языки, литература, культура России и страны спе..",Москва,55.625578,37.6063916
Зарубежная филология (славистика и центральноевропеистика: Сербия и Германия),Москва,55.625578,37.6063916
Цифровые и креативные технологии в гостиничном и ресторанном бизнесе,Москва,55.625578,37.6063916
Медиатуризм и цифровые технологии,Москва,55.625578,37.6063916
Культурная дипломатия в международном туризме,Москва,55.625578,37.6063916
Стратегические маркетинговые коммуникации,Москва,55.625578,37.6063916
Переводчик в сфере международных проектов,Пермь,58.0108531,56.2318528
Визуальные коммуникации в креативных индустриях,Москва,55.625578,37.6063916
Социально-экономическая статистика и демография,Москва,55.625578,37.6063916
Языки международной коммуникации: английский и китайский языки,Волгоград,48.7081906,44.5153353
Социальная педагогика. Организация проектной деятельности в образовании,Волгоград,48.7081906,44.5153353
Цифровые технологии в социальной сфере,Волгоград,48.7081906,44.5153353
Биоразнообразие и управление биотическими сообществами,Волгоград,48.7081906,44.5153353
Экономический инжиринг и анализ данных,Волгоград,48.7081906,44.5153353
Экономический инжиринг и анализ данных,Волгоград,48.7081906,44.5153353
Биоэкономика мясных и молочных продуктов,Воронеж,51.6605982,39.2005858
Разработка и эксплуатация цифровых приборов промышленных систем,Воронеж,51.6605982,39.2005858
Гастротехнологии и менеджмент продукции общественного питания,Казань,55.7946485,49.1115022
Технология и менеджмент в хлебопекарной и кондитерской индустрии,Казань,55.7946485,49.1115022
Биоинжиниринг и менеджмент качества в пищевой индустрии,Казань,55.7946485,49.1115022
Информационные системы в биотехнологии,Казань,55.7946485,49.1115022
Интеллектуальные электротехнические системы,Казань,55.7946485,49.1115022
Программная инженерия интеллектуальных робототехнических систем,Казань,55.7946485,49.1115022
Корпоративные информационные системы и управление бизнес-процессами,Казань,55.7946485,49.1115022
Промышленный IT и автоматизированные системы,Казань,55.7946485,49.1115022
Инновационные технологии текстильных материалов,Казань,55.7946485,49.1115022
Цифровые технологии переработки и рециклинг эластомеров и композиционных материалов,Казань,55.7946485,49.1115022
Химическая технология высокофункциональных эластомеров,Казань,55.7946485,49.1115022
Технологии химической переработки возобновляемых и вторичных ресурсов в экономике замкнуто..,Казань,55.7946485,49.1115022
Цифровая лингвистика,Самара,53.1956255,50.1014927
Инженения лакокрасочных производств,Казань,55.7946485,49.1115022
Управление конфликтами и кадровая политика предприятий,Казань,55.7946485,49.1115022
Цифровой дизайн и передовые технологии обработки материалов,Казань,55.7946485,49.1115022
Эксплуатация роботизированных систем на морском транспорте,Новороссийск,44.7239578,37.7690711
Применение подразделений артиллерийской разведки БПлА,Санкт-Петербург,59.9606739,30.1586551
Экологические технологии,Новосибирск,55.0288307,82.9226887
Охотоведение и гидробиология,Новосибирск,55.0288307,82.9226887
Обработка и анализ информации о космической обстановке,Санкт-Петербург,59.9606739,30.1586551
Система контроля космического пространства,Санкт-Петербург,59.9606739,30.1586551
Радиоэлектронные системы и технологии космической безопасности,Санкт-Петербург,59.9606739,30.1586551
Информационные технологии космической безопасности,Санкт-Петербург,59.9606739,30.1586551
Топогеодезическое и навигационное обеспечение,Санкт-Петербург,59.9606739,30.1586551
Специальная информационно-аналитическая работа,Санкт-Петербург,59.9606739,30.1586551
Комплексная интеллектуальная обработка и анализ данных в военной сфере,Санкт-Петербург,59.9606739,30.1586551
Управление строительством объектов военной инфраструктуры,Санкт-Петербург,59.9606739,30.1586551
Гастрономия и сервис,Ставрополь,45.0433245,41.9690934
Реклама в системе маркетинговых коммуникаций,Ставрополь,45.0433245,41.9690934
"Эксплуатация и обслуживание объектов транспорта, хранения и переработки нефти и газа",Ставрополь,45.0433245,41.9690934
Биоинженерия и технологии,Ставрополь,45.0433245,41.9690934
Цифровой инжиниринг,Новокузнецк,53.7575903,87.1358494
Инновационные транспортные технологии,Великий Новгород,58.5209862,31.2757862
Прикладной анализ данных и методы искусственного интеллекта,Великий Новгород,58.5209862,31.2757862
Моделирование изделий из кожи,Санкт-Петербург,59.9606739,30.1586551
Системы электроэнергетики и автоматизации судов,Северодвинск,64.563385,39.823769
Мода и стиль,Краснодар,45.0351532,38.9772396
Дизайн визуальных коммуникаций,Краснодар,45.0351532,38.9772396
Информационные и документные ресурсы в цифровой среде,Краснодар,45.0351532,38.9772396
Проектирование и реклама в музейных индустриях и культурном туризме,Краснодар,45.0351532,38.9772396
Финансовая аналитика цифровых проектов,Ростов-на-Дону,47.2222596,39.7198736
Прикладная и реабилитационная психология,Ростов-на-Дону,47.2222596,39.7198736
Инженерия защищённых интеллектуальных систем,Ростов-на-Дону,47.2222596,39.7198736
Физическая рекреация и водный туризм,Петропавловск-Камчатский,53.0199838,158.6471356
Природопользование и заповедное дело,Петропавловск-Камчатский,53.0199838,158.6471356
Динамика полета и системы управления,Самара,53.1956255,50.1014927
Управление качеством и производственные технологии,Самара,53.1956255,50.1014927
Цифровая металлургия,Самара,53.1956255,50.1014927
Наноматериалы в химических и технических системах,Самара,53.1956255,50.1014927
Управление качеством в цифровом производстве,Самара,53.1956255,50.1014927
Радиоэлектронное обеспечение беспилотных авиационных систем,Самара,53.1956255,50.1014927
Астронавтика и аэронавтика,Самара,53.1956255,50.1014927
Инженерно-сметная деятельность в строительстве,Тюмень,57.153534,65.542274
Биотехнология и рациональное использование биоресурсов,Владикавказ,43.024593,44.68211
"Предметное обучение, Технологии обучения и воспитания (Учитель начальных классов и Методис..",Киров,58.6035661,49.6666241
Спортивная информатика и аналитика,Хабаровск,48.4812568,135.0762968
Координатор молодежных инициатив в образовании и спорте,Хабаровск,48.4812568,135.0762968
Технолог спортивно-оздоровительных программ,Хабаровск,48.4812568,135.0762968
Биотехнология растений,Владивосток,43.1150678,131.8855768
Химические технологии и аналитическое сопровождение производственных процессов,Апатиты,67.568626,33.404392
Перевод и сопровождение внешнеэкономической деятельности,Омск,54.991375,73.371529
Артист ансамбля. Концертмейстер. Преподаватель фортепиано,Москва,55.625578,37.6063916
Эксплуатация электрооборудования и автоматики судов с ядерной энергетической установкой,Владивосток,43.1150678,131.8855768
Программная инженерия систем мобильной связи,Владивосток,43.1150678,131.8855768
Цифровые и сервисные технологии при эксплуатации нефтегазового оборудования,Октябрьский,54.4809722,53.4660062
Биоинжиниринг,Ульяновск,54.3150278,48.403373
Планово-экономическое обеспечение строительного производства,Ставрополь,45.0433245,41.9690934
Технология. Экономика,Владимир,56.1288899,40.4075203
Экономика. Китайский язык,Владимир,56.1288899,40.4075203
Управление молодежными проектами,Владимир,56.1288899,40.4075203
Экономическая экспертиза и комплаенс-контроль,Владимир,56.1288899,40.4075203
Средства связи беспилотных комплексов,Владимир,56.1288899,40.4075203
"Искусственный интеллект, программирование и сетевые технологии",Владимир,56.1288899,40.4075203
Прикладное программирование и технологии искусственного интеллекта,Владимир,56.1288899,40.4075203
Лингвистическое обеспечение внешнеэкономической деятельности на азиатских рынках,Оренбург,51.7671248,55.0978517
Роботизированные системы,Оренбург,51.7671248,55.0978517
Мода и концептуальное проектирование,Новосибирск,55.0288307,82.9226887
Библиотечно-информационная деятельность в цифровой среде,Якутск,62.0274078,129.7319787
Продюсирование и управление проектами в креативных индустриях,Якутск,62.0274078,129.7319787
Региональное кинопроизводство,Якутск,62.0274078,129.7319787
Художественное руководство в хореографии,Якутск,62.0274078,129.7319787
Арт-проектирование,Якутск,62.0274078,129.7319787
Фармацевтическая химия,Иркутск,52.2891225,104.279829
Электронный и программный инжиниринг,Иркутск,52.2891225,104.279829
Геология и месторождения твердых полезных ископаемых,Иркутск,52.2891225,104.279829
Юриспруденция. Правовое сопровождение и контроль деятельности организаций,Иркутск,52.2891225,104.279829
Образование школьников с интеллектуальными нарушениями,Иркутск,52.2891225,104.279829
Межъязыковая и межкультурная коммуникация в торгово-экономической сфере (Корейский язык),Иркутск,52.2891225,104.279829
Бюджетный процесс и казначейское дело,Москва,55.625578,37.6063916
Фундаментальная информатика и программная инженерия,Иркутск,52.2891225,104.279829
Искусственный интеллект и системная аналитика,Иркутск,52.2891225,104.279829
Управление инновационными и ИТ-проектами и продуктами,Иркутск,52.2891225,104.279829
Фармацевтическое право,Саранск,54.18671,45.18383
Electronic Information Science and Technology,Саранск,54.18671,45.18383
Цифровые и интеллектуальные системы электроснабжения,Саранск,54.18671,45.18383
Информатика и информационные технологии в образовании,Обнинск,55.0951738,36.611913
Организация образовательной деятельности на основе цифровых технологий,Брянск,53.2423778,34.3668288
Интеллектуальная электроника и системы управления наземного транспорта,Брянск,53.2423778,34.3668288
VATEL-РМАТ: Международный гостиничный менеджмент,Москва,55.625578,37.6063916
Правовое регулирование международных отношений,Москва,55.625578,37.6063916
Цифровые технологии рекламы и связи с общественностью,Москва,55.625578,37.6063916
Сетевая инженерия телекоммуникаций,Нижний Новгород,56.3264816,44.0051395
Сетевая инженерия телекоммуникаций,Москва,55.625578,37.6063916
Радиотехника и аудиовизуальные технологии,Москва,55.625578,37.6063916
Прикладные информационные системы,Москва,55.625578,37.6063916
Экономика предприятия,Озерск,54.408741,22.014359
Отечественная филология (русский язык и литература; родной язык и литература),Махачкала,42.9830241,47.5048717
Вычислительная физика и информационные технологии,Махачкала,42.9830241,47.5048717
Робототехника и системное программирование,Махачкала,42.9830241,47.5048717
Искусственный интеллект в инфокоммуникациях,Киров,58.6035661,49.6666241
Фармацевтическая микробиология,Киров,58.6035661,49.6666241
Педагогическая психология и Логопедическая деятельность,Москва,55.625578,37.6063916
Экономическая безопасность креативных индустрий,Саратов,51.530018,46.034683
Дистрибуция и сбыт на промышленном предприятии,Санкт-Петербург,59.9606739,30.1586551
Системы электрической изоляции,Саранск,54.18671,45.18383
Системы электрической изоляции,Санкт-Петербург,59.9606739,30.1586551
Управление персоналом,Курган,55.4409357,65.3421169
Русский язык и русская культура,Курган,55.4409357,65.3421169
Беспилотные авиационные системы в экологии и природопользовании,Екатеринбург,56.8382071,60.6007886
Управление цифровой экономикой,Оренбург,51.7671248,55.0978517
Управление цифровой экономикой,Дмитров,56.3450695,37.5200723
Технологический менеджмент в лесном бизнесе,Екатеринбург,56.8382071,60.6007886
Дизайн и производство мебели и изделий из древесины,Екатеринбург,56.8382071,60.6007886
Инжиниринг промышленного оборудования в лесном комплексе,Екатеринбург,56.8382071,60.6007886
Информационные системы в управлении организацией,Екатеринбург,56.8382071,60.6007886
"Моделирование, дизайн и технологии упаковочной отрасли",Екатеринбург,56.8382071,60.6007886
Прикладная экология и экологическое проектирование,Екатеринбург,56.8382071,60.6007886
Садово-парковое строительство и ландшафтный дизайн,Екатеринбург,56.8382071,60.6007886
История. Основы православной культуры,Мелитополь,46.8467267,35.3827281
Тележурналистика и видеоблогинг,Мелитополь,46.8467267,35.3827281
Водосберегающие технологии,Мелитополь,46.8467267,35.3827281
Интенсивное садоводство,Мелитополь,46.8467267,35.3827281
Статистика и анализ данных,Мелитополь,46.8467267,35.3827281
"Учет, анализ и аудит в управлении бизнес-процессами",Казань,55.7946485,49.1115022
Системный анализ и консалтинг в агробизнесе,Казань,55.7946485,49.1115022
Инженерно-финансовое обеспечение АПК,Казань,55.7946485,49.1115022
Бизнес-аналитика и экономика в зооинженерии,Казань,55.7946485,49.1115022
Биотехнология молока и молочных продуктов,Казань,55.7946485,49.1115022
Организация и управление в ландшафтном строительстве,Казань,55.7946485,49.1115022
Государственное управление и экономика в лесной отрасли,Казань,55.7946485,49.1115022
Беспилотные авиационные системы,Нижневартовск,60.9384134,76.5590829
Информатика и робототехника. Технология,Челябинск,55.1598408,61.4025547
Начальное образование. Организация воспитательной деятельности.,Челябинск,55.1598408,61.4025547
"Родной (татарский) язык и литература, иностранный (английский) язык",Уфа,54.7261409,55.947499
Страны Азии и Африки: международный менеджмент и межкультурная коммуникация,Челябинск,55.1598408,61.4025547
Менеджмент индустрии туризма и гостеприимства,Челябинск,55.1598408,61.4025547
Межнациональные коммуникации,Челябинск,55.1598408,61.4025547
Менеджмент на производстве и в бизнесе,Челябинск,55.1598408,61.4025547
"Родной (татарский, чувашский) язык и литература, Иностранный язык (английский/ турецкий)",Стерлитамак,53.6194416,55.9616172
"Иностранный язык (английский), Иностранный язык (немецкий, китайский)",Стерлитамак,53.6194416,55.9616172
"Русский язык, Литература/ Дополнительное образование (журналистика)",Стерлитамак,53.6194416,55.9616172
Бизнес-аналитика и информационные системы на финансовых рынках,Стерлитамак,53.6194416,55.9616172
Разработка защищенных программных комплексов беспилотных систем,Стерлитамак,53.6194416,55.9616172
Девелопмент в градостроительстве,Москва,55.625578,37.6063916
Физика частиц и экстремальных состояний материи,Москва,55.625578,37.6063916
Теоретическая и математическая физика,Москва,55.625578,37.6063916
Искусственный интеллект в экономике,Москва,55.625578,37.6063916
Психолого-педагогическая поддержка детей с нарушениями развития,Кемерово,55.3550907,86.0871213
Технологии социальной работы,Кемерово,55.3550907,86.0871213
"Зарубежная филология (английский язык, английская литература, итальянский язык/турецкий яз..",Ростов-на-Дону,47.2222596,39.7198736
Коррекционная педагогика и специальная психология,Новокузнецк,53.7575903,87.1358494
Нанотехнологии в микроэлектронике,Ростов-на-Дону,47.2222596,39.7198736
Искусственный интеллект для кибербезопасности,Санкт-Петербург,59.9606739,30.1586551
Искусственный интеллект для кибербезопасности,Ростов-на-Дону,47.2222596,39.7198736
Мультимедийный дизайн,Калининград,54.710128,20.5105838
Русский язык и литература. Дополнительная квалификация (педагогика внеурочной деятельности..,Калининград,54.710128,20.5105838
Организация деятельности и управление предприятием сервиса,Калининград,54.710128,20.5105838
Аналитическое сопровождение международной деятельности органов государственной власти и би..,Калининград,54.710128,20.5105838
"Политические исследования, аналитика и управленческие практики",Калининград,54.710128,20.5105838
"Социологические исследования, аналитика и управленческие практики",Калининград,54.710128,20.5105838
Организация перевозок на транспорте,Санкт-Петербург,59.9606739,30.1586551
Организация перевозок на транспорте,Калининград,54.710128,20.5105838
Технологии и оборудование машиностроительных производств,Калининград,54.710128,20.5105838
Маркетинг туристских продуктов и сервисов,Саратов,51.530018,46.034683
Маркетинг туристских продуктов и сервисов,Москва,55.625578,37.6063916
Технология и переработка полимеров и композитов,Пермь,58.0108531,56.2318528
Микро- и наноэлектроника. Радиофотоника,Пермь,58.0108531,56.2318528
Квантовые вычисления и кибербезопасность,Пермь,58.0108531,56.2318528
Политика и история стран Восточной Азии,Пермь,58.0108531,56.2318528
Информационные технологии проектирования робототехнических систем и устройств,Новосибирск,55.0288307,82.9226887
Оптические и квантовые инфокоммуникационные технологии и системы,Новосибирск,55.0288307,82.9226887
Информационные технологии в бизнесе,Ростов-на-Дону,47.2222596,39.7198736
Экономика и организация пассажирского транспорта,Москва,55.625578,37.6063916
Экономика и управление производством в сфере автомобилестроения,Москва,55.625578,37.6063916
Фудтех инжиниринг,Москва,55.625578,37.6063916
Digital-филология и медиакоммуникации,Елец,52.6219865,38.5003298
Цифровой дизайн и декоративно-прикладное искусство,Елец,52.6219865,38.5003298
"Европейские языки (английский, немецкий), Восточный язык (китайский)",Елец,52.6219865,38.5003298
"Дошкольное образование, Дополнительное образование (творчество)",Елец,52.6219865,38.5003298
Маркетинг и управление бизнесом,Елец,52.6219865,38.5003298
Родной язык и литература и монгольский язык,Улан-Удэ,51.8357841,107.5839105
Менеджмент в управлении развитием территорий,Новосибирск,55.0288307,82.9226887
Пожарная безопасность в строительстве,Астрахань,46.3498308,48.0326203
Градостроительство и дизайн городской среды,Новосибирск,55.0288307,82.9226887
Проектирование объектов теплоэнергетической отрасли,Астрахань,46.3498308,48.0326203
Фундаментальная и прикладная математика,Нижний Новгород,56.3264816,44.0051395
Ветеринарная биофармация,Москва,55.625578,37.6063916
Психология в бизнесе,Санкт-Петербург,59.9606739,30.1586551
Психология в бизнесе,Нижний Новгород,56.3264816,44.0051395
Технология производства продуктов свиноводства,Великие Луки,56.342361,30.527922
Производство и переработка сельскохозяйственной продукции,Великие Луки,56.342361,30.527922
Прикладная информатика в агропромышленном комплексе,Великие Луки,56.342361,30.527922
Педагогика дошкольного и начального образования,Саранск,54.18671,45.18383
Технология и основы предпринимательской деятельности,Саранск,54.18671,45.18383
Экономико-правовое образование. Обществознание,Саранск,54.18671,45.18383
Русский язык. Дополнительное образование (пиар и коммуникации),Саранск,54.18671,45.18383
Информатика и Графический дизайн,Краснодар,45.0351532,38.9772396
Цифровые технологии в управлении персоналом,Краснодар,45.0351532,38.9772396
Цифровые технологии в управлении персоналом,Воронеж,51.6605982,39.2005858
Международный и внутренний туризм в регионах курортного и промышленного значения,Омск,54.991375,73.371529
Промышленное и гражданское строительство объектов нефтегазового комплекса,Омск,54.991375,73.371529
Цифровые двойники и системы управления,Омск,54.991375,73.371529
Киберфизические производственные системы,Омск,54.991375,73.371529
Автоматизация и цифровизация бизнеса,Омск,54.991375,73.371529
Цифровые технологии в топливно-энергетическом комплексе,Омск,54.991375,73.371529
Производственная надёжность и инжиниринг объектов топливно-энергетического комплекса,Омск,54.991375,73.371529
Корпоративные информационные системы управления,Ульяновск,54.3150278,48.403373
Корпоративные информационные системы управления,Омск,54.991375,73.371529
"Порошковая металлургия, композиционные материалы и покрытия",Омск,54.991375,73.371529
Технологические процессы в машиностроении,Омск,54.991375,73.371529
Предпринимательство и управление бизнесом,Сочи,43.5854823,39.723109
Химия новых функциональных материалов,Йошкар-Ола,56.6315556,47.8868803
Информатика и искусственный интеллект в образовании,Йошкар-Ола,56.6315556,47.8868803
Искусственный интеллект и анализ данных,Йошкар-Ола,56.6315556,47.8868803
"Проектирование и постройка кораблей, судов и объектов океанотехники",Керчь,45.3563405,36.467061
Цифровая экономика и аналитика данных,Йошкар-Ола,56.6315556,47.8868803
Инженерно-экономическое обеспечение бизнес-процессов организаций водного транспорта,Керчь,45.3563405,36.467061
Инжиниринг технологических процессов и оборудования,Керчь,45.3563405,36.467061
Искусственный интеллект и беспилотные системы,Севастополь,44.6054434,33.5220842
Анализ данных и суперкомпьютерные технологии,Сыктывкар,61.6685237,50.8352024
География. Педагог дополнительного образования детей в области экологии,Ульяновск,54.3150278,48.403373
Управление в сфере коммерческой деятельности,Москва,55.625578,37.6063916
Психолого-педагогическое консультирование и медиация в образовании,Тула,54.1930321,37.61754
Психолого-педагогическое консультирование и медиация в образовании,Москва,55.625578,37.6063916
Оперативно-розыскная деятельность подразделений экономической безопасности и противодейств..,Нижний Новгород,56.3264816,44.0051395
Экономическая деятельность в органах внутренних дел,Нижний Новгород,56.3264816,44.0051395
Управление инновациями в бизнесе,Москва,55.625578,37.6063916
Управление инновациями в бизнесе,Москва,55.625578,37.6063916
Цифровая безопасность,Москва,55.625578,37.6063916
Комплексы управления и автоматизации ракетно-космической техники,Москва,55.625578,37.6063916
Автономные колесные и гусеничные машины,Москва,55.625578,37.6063916
Математическое и компьютерное моделирование в механике,Москва,55.625578,37.6063916
Цифровая антропология и киберпсихология,Москва,55.625578,37.6063916
Лечебная педагогика,Москва,55.625578,37.6063916
Психология развития и обучения детей и подростков,Москва,55.625578,37.6063916
Фундаментальные и прикладные исследования в области наук о человеке,Москва,55.625578,37.6063916
Прикладная психология и управление персоналом в цифровой среде,Москва,55.625578,37.6063916
Организационно-психологическое консультирование,Москва,55.625578,37.6063916
Аналитика данных и искусственный интеллект в психологии и образовании,Москва,55.625578,37.6063916
Вычислительная биология: моделирование и анализ данных в биологических системах,Москва,55.625578,37.6063916
География и психология человека,Москва,55.625578,37.6063916
Биоинформатика и искусственный интеллект,Казань,55.7946485,49.1115022
Цифровое предприятие,Казань,55.7946485,49.1115022
Цифровое предприятие,Гатчина,59.5680407,30.1252083
"Эффективная веб-разработка – инфраструктура, код, ИИ-агенты",Казань,55.7946485,49.1115022
Разработка национальных корпоративных платформ,Казань,55.7946485,49.1115022
Межнациональные отношения,Казань,55.7946485,49.1115022
Режиссура театра,Владикавказ,43.024593,44.68211
Проектирование образовательных программ. Специальная педагогика и психология,Владикавказ,43.024593,44.68211
Проектирование образовательных программ. Психология образования,Владикавказ,43.024593,44.68211
Основы производства продукции с улучшенными характеристиками,Пермь,58.0108531,56.2318528
Технология перерабатывающих производств в АПК,Пермь,58.0108531,56.2318528
Технология перерабатывающих производств в АПК,Воронеж,51.6605982,39.2005858
Информационные технологии в зооинжиниринге,Пермь,58.0108531,56.2318528
"Физика, Образовательная робототехника и 3D моделирование",Тобольск,58.1998048,68.2512924
Экономика и технологическое образование,Тобольск,58.1998048,68.2512924
Биоинженерия,Кемерово,55.3550907,86.0871213
Цифровой инжиниринг в машиностроении,Кемерово,55.3550907,86.0871213
Программирование и разработка интеллектуальных информационных систем,Кемерово,55.3550907,86.0871213
Экономика и бренд-менеджмент в сфере ландшафтного дизайна,Балашиха,55.7997662,37.9373707
Цифровые и интеллектуальные технологии в электроэнергетике,Омск,54.991375,73.371529
Финансовые технологии (FinTech),Омск,54.991375,73.371529
Планирование и управление в транспортном комплексе,Тула,54.1930321,37.61754
Экономика и управление организации туристских кластеров,Москва,55.625578,37.6063916
Промысловая геология,Ижевск,56.8529729,53.2103071
"Зарубежная филология (основной язык: немецкий, второй язык: английский)",Ижевск,56.8529729,53.2103071
Умные сервисы высокотехнологичных производств,Москва,55.625578,37.6063916
Зеленая химия и катализ,Москва,55.625578,37.6063916
Квантовое программирование,Москва,55.625578,37.6063916
Квантовые коммуникации и вычисления,Москва,55.625578,37.6063916
Мелкие и домашние животные,Ростов-на-Дону,47.2222596,39.7198736
Управление жизненным циклом наземных транспортно-технологических средств,Грозный,43.3197031,45.6934308
Разработка цифровых продуктов,Грозный,43.3197031,45.6934308
Искусственный интеллект и большие данные,Грозный,43.3197031,45.6934308
Системный цифровой химический инжиниринг и химическое машиностроение,Москва,55.625578,37.6063916
Генетика и селекция растений,Челябинск,55.1598408,61.4025547
Генетика и селекция растений,Самара,53.1956255,50.1014927
Генетика и селекция растений,Новосибирск,55.0288307,82.9226887
Ветеринарная медицина. Ветеринарный бизнес,Горно-Алтайск,51.957775,85.963653
Промышленная автоматизация и управление движением,Санкт-Петербург,59.9606739,30.1586551
"Прикладная филология: русский язык и литература, цифровые технологии",Чебоксары,56.1399598,47.2480999
Реклама и связи с общественностью в социально-культурной сфере,Санкт-Петербург,59.9606739,30.1586551
Искусственный интеллект в управлении разработкой нефтегазовых месторождений на суше и на м..,Москва,55.625578,37.6063916
Технология и организация внутреннего и международного туризма,Москва,55.625578,37.6063916
Ресторанный бизнес,Москва,55.625578,37.6063916
Право и медиация,Воткинск,57.052505,53.990612
Педагогика и психология начального образования,Воткинск,57.052505,53.990612
"Менеджмент, маркетинг, логистика",Воткинск,57.052505,53.990612
Перевод и лингвострановедение,Одинцово,55.678223,37.2668096
Кадровое обеспечение региональных проектов,Одинцово,55.678223,37.2668096
"Мировая экономика, инновации и международный бизнес",Одинцово,55.678223,37.2668096
Экономика и управление отраслевыми комплексами (нефтегазовый комплекс; инвестиционно-строи..,Усть-Илимск,57.959473,102.734192
Хоровое и сольное народное пение,Орел,52.9709262,36.0642127
Специальный перевод и искусственный интеллект,Астрахань,46.3498308,48.0326203
Зооинженерия и биоинформатика,Орел,52.9709262,36.0642127
Организация и управление в производстве зерна и хлебопродуктов,Орел,52.9709262,36.0642127
"Технологии био- и наноматериалов, лекарственных и косметических средств",Орел,52.9709262,36.0642127
Биология и агротехнологии,Орел,52.9709262,36.0642127
Экономика и управление предприятием химической промышленности,Москва,55.625578,37.6063916
"Автоматизированные робототехнические системы контроля, диагностики и мониторинга в промышл..",Москва,55.625578,37.6063916
Информационно-аналитические и управляющие системы,Москва,55.625578,37.6063916
"Перевод, переводоведение, преподавание филологических дисциплин (английский, русский, кита..",Благовещенск,50.2600417,127.5337378
"Реклама и PR в коммерческой, государственной, социальной и политической сферах",Благовещенск,50.2600417,127.5337378
Сервис в социальной работе с различными группами населения,Благовещенск,50.2600417,127.5337378
Управление логистикой организации,Благовещенск,50.2600417,127.5337378
Информационные технологии в науках о Земле и окружающей среде / Information Technologies i..,Иркутск,52.2891225,104.279829
Технология малотоннажных и среднетоннажных химических производств,Иркутск,52.2891225,104.279829
Иран и Центральная Азия,Москва,55.625578,37.6063916
Арабский мир и Христианский Восток,Москва,55.625578,37.6063916
Проектирование интеллектуальных робототехнических систем,Москва,55.625578,37.6063916
Телевизионные технологии и продюсирование медиапроектов,Москва,55.625578,37.6063916
Связи с общественностью и корпоративные массмедиа,Москва,55.625578,37.6063916
Медиапроизводство и продвижение брендов,Москва,55.625578,37.6063916
Социальная архитектура и брендинг территорий,Москва,55.625578,37.6063916
Технологическое проектирование и управление качеством,Москва,55.625578,37.6063916
"Компьютерная графика, дизайн и иммерсивные технологии",Москва,55.625578,37.6063916
Искусственный интеллект в компьютерной графике и дизайне,Москва,55.625578,37.6063916
"История, Дополнительное образование",Ростов-на-Дону,47.2222596,39.7198736
"История, Дополнительное образование",Абакан,53.72068,91.4406019
Дополнительное образование (раннее творческое развитие детей),Абакан,53.72068,91.4406019
Безопасность природно-техносферных систем,Томск,56.4887526,84.9523434
Проектирование культурных и творческих инициатив,Якутск,62.0274078,129.7319787
Креативное предпринимательство и медиа-бизнес,Новосибирск,55.0288307,82.9226887
Иностранный язык (китайский) и Иностранный язык (корейский),Якутск,62.0274078,129.7319787
Геоинформационные технологии в управлении природными ресурсами и территориями,Якутск,62.0274078,129.7319787
Прикладная география. Изыскания и экспертиза территорий,Якутск,62.0274078,129.7319787
Аналитика данных и разработка бизнес-приложений,Пенза,53.1953477,45.0190437
Изобразительное искусство и Дизайн,Нижний Новгород,56.3264816,44.0051395
Логопедия и коррекционная педагогика,Биробиджан,48.79329,132.9269836
Электронная коммерция,Биробиджан,48.79329,132.9269836
Здания и сооружения в экстремальных условиях эксплуатации,Биробиджан,48.79329,132.9269836
Городской инжиниринг и информационное моделирование,Новосибирск,55.0288307,82.9226887
Промышленное и декоративное садоводство,Рязань,54.6295687,39.7425039
Фармацевтическое дело и технологии лекарств,Владивосток,43.1150678,131.8855768
Химическая технология материалов современной энергетики,Владивосток,43.1150678,131.8855768
"Обнаружение и нейтрализация киберугроз, средства мониторинга киберсреды",Владивосток,43.1150678,131.8855768
Морская экология: экосистемные технологии,Владивосток,43.1150678,131.8855768
Химия полимеров,Санкт-Петербург,59.9606739,30.1586551
"Богословие, государство, коммуникации",Москва,55.625578,37.6063916
Управление и эксплуатация гидромелиоративных систем,Улан-Удэ,51.8357841,107.5839105
Управление и эксплуатация гидромелиоративных систем,Ставрополь,45.0433245,41.9690934
Машиностроение и технический сервис,Екатеринбург,56.8382071,60.6007886
Управление природоохранной деятельностью и оценка ESG-рисков,Екатеринбург,56.8382071,60.6007886
Технология наноэлектронных приборов и архитектура вычислительных систем,Москва,55.625578,37.6063916
Информационная безопасность цифровых платформ социальной коммуникации,Москва,55.625578,37.6063916
Цифровые технологии для системного анализа и управления,Москва,55.625578,37.6063916
Цифровые технологии для системного анализа и управления,Казань,55.7946485,49.1115022
Прикладной искусственный интеллект для системного анализа и управления,Москва,55.625578,37.6063916
Физика экстремальных состояний вещества,Москва,55.625578,37.6063916
Инжиниринг мезофизических систем,Москва,55.625578,37.6063916
Гражданско-правовой (программа с углубленным изучением иностранного языка),Москва,55.625578,37.6063916
Ускорители для науки и приборостроения,Москва,55.625578,37.6063916
Операционный менеджмент (программа с углубленным изучением иностранного языка),Москва,55.625578,37.6063916
Экономика и бизнес-планирование (программа с углубленным изучением иностранного языка),Москва,55.625578,37.6063916
Электроника и автоматика киберфизических систем и установок,Москва,55.625578,37.6063916
Цифровые технологии международного бизнеса,Москва,55.625578,37.6063916
Технологии цифровой трансформации и управление изменениями,Москва,55.625578,37.6063916
Наноэлектроника и радиофотоника,Москва,55.625578,37.6063916
Управление информационными системами предприятия,Москва,55.625578,37.6063916
Ветеринарно-санитарная экспертиза сырья и продуктов животного и растительного происхождения,Челябинск,55.1598408,61.4025547
Строительно-дорожные машины,Пермь,58.0108531,56.2318528
Сварочное производство и металловедение,Пермь,58.0108531,56.2318528
Технологии полного производственного цикла в машиностроении,Пермь,58.0108531,56.2318528
"Конструкторское обеспечение, автоматизация и управление качеством в машиностроении",Пермь,58.0108531,56.2318528
Промышленная автоматизация,Пермь,58.0108531,56.2318528
Цифровой инжиниринг и искусственный интеллект в механике,Пермь,58.0108531,56.2318528
Промышленный инжиниринг,Пермь,58.0108531,56.2318528
Цифровая трансформация в сфере культуры и искусства,Уфа,54.7261409,55.947499
Философия и цифровое общество,Уфа,54.7261409,55.947499
Философия и цифровое общество,Казань,55.7946485,49.1115022
Цифровые технологии в биомедицине,Пермь,58.0108531,56.2318528
"Перевод и переводоведение: башкирский, английский языки",Уфа,54.7261409,55.947499
Коммуникативные технологии креативных индустрий и сферы гостеприимства,Уфа,54.7261409,55.947499
Экспертная лингвистика и языковая безопасность. Восточные языки,Уфа,54.7261409,55.947499
Корейский язык (коммуникационный менеджмент). Японский язык,Уфа,54.7261409,55.947499
Русский язык и литература. Цифровой педагогический дизайн,Уфа,54.7261409,55.947499
HR-менеджмент в бизнесе,Уфа,54.7261409,55.947499
Двигатели БПЛА и наземного транспорта,Уфа,54.7261409,55.947499
"Биохимия, морфология, физиология",Уфа,54.7261409,55.947499
Технологии искусственного интеллекта,Уфа,54.7261409,55.947499
Логистика в таможенном деле,Москва,55.625578,37.6063916
Логистика и электронная коммерция,Новосибирск,55.0288307,82.9226887
Микроэлектроника и наноэлектроника,Новосибирск,55.0288307,82.9226887
Цифровые телекоммуникации,Новосибирск,55.0288307,82.9226887
Цифровые телекоммуникации,Москва,55.625578,37.6063916
Мехатронные модули робототехнических комплексов,Новосибирск,55.0288307,82.9226887
Инжиниринг электромеханических устройств и систем,Новосибирск,55.0288307,82.9226887
Электротранспортные комплексы и системы,Новосибирск,55.0288307,82.9226887
Прикладной и цифровой дизайн новых материалов,Новосибирск,55.0288307,82.9226887
Основные процессы химических производств,Новосибирск,55.0288307,82.9226887
Проектирование технологических машин,Новосибирск,55.0288307,82.9226887
"Химическая защита окружающей среды, экологическая безопасность и экспертиза",Новосибирск,55.0288307,82.9226887
Динамика и прочность,Новосибирск,55.0288307,82.9226887
Автоматика и управление,Новосибирск,55.0288307,82.9226887
Сетевые информационные технологии,Новосибирск,55.0288307,82.9226887
Разработка доверенного системного и прикладного программного обеспечения,Новосибирск,55.0288307,82.9226887
Геодезическое обеспечение землеустройства и кадастров,Брянск,53.2423778,34.3668288
Агротехнологии,Улан-Удэ,51.8357841,107.5839105
Агротехнологии,Ставрополь,45.0433245,41.9690934
Агротехнологии,Санкт-Петербург,59.9606739,30.1586551
Агротехнологии,Самара,53.1956255,50.1014927
Агротехнологии,Рязань,54.6295687,39.7425039
Агротехнологии,Курск,51.7270357,36.192248
Агротехнологии,Иркутск,52.2891225,104.279829
Агротехнологии,Брянск,53.2423778,34.3668288
Агроэкологическая оценка земель и воспроизводство плодородия почв,Брянск,53.2423778,34.3668288
Болезни мелких домашних животных,Благовещенск,50.2600417,127.5337378
Зооинженеринг и цифровые системы управления в животноводстве,Благовещенск,50.2600417,127.5337378
Интеллектуальная энергетика и автоматизированные комплексы в АПК,Иркутск,52.2891225,104.279829
Интеллектуальная энергетика и автоматизированные комплексы в АПК,Благовещенск,50.2600417,127.5337378
Экономика инженерных систем,Благовещенск,50.2600417,127.5337378
Агробизнес и цифровое земледелие,Благовещенск,50.2600417,127.5337378
Управление лесами и охотничьими угодьями,Благовещенск,50.2600417,127.5337378
Организация и управление ресторанным бизнесом,Благовещенск,50.2600417,127.5337378
Бизнес-управление в строительстве,Благовещенск,50.2600417,127.5337378
Транспортный и экономический инжиниринг,Красноярск,56.0091173,92.872586
Правовое обеспечение экологической и продовольственной безопасности,Красноярск,56.0091173,92.872586
Менеджмент IT-технологий,Красноярск,56.0091173,92.872586
Цифровые и интеллектуальные технологии в сельском хозяйстве,Красноярск,56.0091173,92.872586
Менеджмент в пищевой инженерии,Новосибирск,55.0288307,82.9226887
Менеджмент в пищевой инженерии,Красноярск,56.0091173,92.872586
Биоэкономика технологических процессов в АПК,Красноярск,56.0091173,92.872586
Экспертиза и организация природно-техногенных комплексов,Красноярск,56.0091173,92.872586
Цифровое животноводство,Красноярск,56.0091173,92.872586
Управление плодородием почв и ГИС-технологии,Красноярск,56.0091173,92.872586
Геотермальная энергетика,Петропавловск-Камчатский,53.0199838,158.6471356
Управление водными биологическими ресурсами и цифровые технологии в аквакультуре,Москва,55.625578,37.6063916
Холодильные технологии пищевых систем,Москва,55.625578,37.6063916
Защищенная инфокоммуникационная инфраструктура,Владивосток,43.1150678,131.8855768
Иконописание,Санкт-Петербург,59.9606739,30.1586551
Математика и дополнительное образование (экономика и финансовая грамотность),Красноярск,56.0091173,92.872586
Финансы и учет в цифровой экономике,Тамбов,52.7216164,41.4523988
Химическое и нефтяное машино- и аппаратостроение,Тамбов,52.7216164,41.4523988
Историческая информатика,Кызыл,51.719079,94.4300679
Основы безопасности и защиты Родины и Образовательный туризм,Кызыл,51.719079,94.4300679
Современные методы машинного обучения и компьютерного зрения,Краснодар,45.0351532,38.9772396
Цифровизация технического сервиса,Горно-Алтайск,51.957775,85.963653
Цифровые и квантовые технологии в энергетике,Горно-Алтайск,51.957775,85.963653
Возведение и эксплуатация тепловых и атомных электростанций,Москва,55.625578,37.6063916
Новые технологии и материалы в атомной энергетике и промышленности,Москва,55.625578,37.6063916
Информационные технологии и искусственный интеллект в радиоэлектронике,Москва,55.625578,37.6063916
Лингвистика и современные цифровые технологии,Санкт-Петербург,59.9606739,30.1586551
Цифровые технологии создания двигателей и энергетических установок,Санкт-Петербург,59.9606739,30.1586551
Инжиниринг интеллектуальных робототехнических систем,Санкт-Петербург,59.9606739,30.1586551
Анализ данных и искусственный интеллект в виброакустике и прочности,Санкт-Петербург,59.9606739,30.1586551
Цифровой инжиниринг высокотехнологичных систем и процессов,Санкт-Петербург,59.9606739,30.1586551
Управление качеством производства средств измерений,Санкт-Петербург,59.9606739,30.1586551
Радиоэлектронные комплексы автономных транспортных платформ,Санкт-Петербург,59.9606739,30.1586551
Обогащение полезных ископаемых и извлечение золота,Красноярск,56.0091173,92.872586
Открытые горные работы и управление геомеханическими процессами,Красноярск,56.0091173,92.872586
Радиотехника и роботизированные комплексы,Красноярск,56.0091173,92.872586
Лидеры регионов,Нижний Новгород,56.3264816,44.0051395
Управление политическими коммуникациями в цифровом обществе,Краснодар,45.0351532,38.9772396
Мировая экономика и бизнес,Краснодар,45.0351532,38.9772396
Художник-график (оформление печатной продукции),Краснодар,45.0351532,38.9772396
"Прикладная филология и иностранные языки (английский, немецкий, испанский)",Краснодар,45.0351532,38.9772396
Электронные СМИ и новые медиа,Краснодар,45.0351532,38.9772396
Специалист по комплексной реабилитации,Москва,55.625578,37.6063916
Специалист по комплексной реабилитации,Анапа,44.894272,37.316887
Христианская теология,Краснодар,45.0351532,38.9772396
Микробиология и биотехнология,Краснодар,45.0351532,38.9772396
Биозащита и рациональное природопользование,Краснодар,45.0351532,38.9772396
Радиоэлектроника и фотоника,Краснодар,45.0351532,38.9772396
Искусственный интеллект и аналитика данных,Краснодар,45.0351532,38.9772396
Искусственный интеллект и аналитика данных,Краснодар,45.0351532,38.9772396
Искусственный интеллект и аналитика данных,Краснодар,45.0351532,38.9772396
Современные методы машинного обучения и компьютерного зрения,Краснодар,45.0351532,38.9772396
Искусственный интеллект и аналитика данных,Санкт-Петербург,59.9606739,30.1586551
Искусственный интеллект и аналитика данных,Краснодар,45.0351532,38.9772396
Искусственный интеллект и аналитика данных,Владивосток,43.1150678,131.8855768
Материаловедение и экспертиза материалов в нефтегазовой отрасли,Самара,53.1956255,50.1014927
Инженерия машинного и глубокого обучения,Самара,53.1956255,50.1014927
Языковое сопровождение международного бизнеса Северо-Восточной Азии,Хабаровск,48.4812568,135.0762968
Китайский язык. Русский язык,Хабаровск,48.4812568,135.0762968
Управление мехатронными системами,Хабаровск,48.4812568,135.0762968
Роботизированные и беспилотные транспортные средства,Хабаровск,48.4812568,135.0762968
Роботизированные и беспилотные транспортные средства,Омск,54.991375,73.371529
Подъемно-транспортные средства технологического оснащения судостроительного производства,Северодвинск,64.563385,39.823769
Конструирование машин и аддитивные технологии в АПК,Белгород,50.5955595,36.5873394
Применение БПЛА в сельском хозяйстве,Белгород,50.5955595,36.5873394
Обеспечение системных принципов фармацевтической деятельности в сфере обращения лекарствен..,Омск,54.991375,73.371529
Обработка данных и методы искусственного интеллекта,Челябинск,55.1598408,61.4025547
Инженерная инноватика,Тюмень,57.153534,65.542274
Агробиотехнологии производства продукции распределения,Тюмень,57.153534,65.542274
Агроэкологические технологии цифрового поля,Тюмень,57.153534,65.542274
Физическая реабилитация,Тольятти,53.5098845,49.4189187
Технологии продуктов функционального и специализированного питания,Тольятти,53.5098845,49.4189187
Управление качеством на высокотехнологичных производствах,Тольятти,53.5098845,49.4189187
Проектирование и эксплуатация беспилотных летательных аппаратов,Тольятти,53.5098845,49.4189187
Комплексное обеспечение пожарной безопасности,Тольятти,53.5098845,49.4189187
Дошкольное образование и Дополнительное образование (раннее физическое развитие),Москва,55.625578,37.6063916
Дошкольное образование и Дополнительное образование (музыка/изобразительное искусство),Москва,55.625578,37.6063916
"Русский язык, Литература и История",Москва,55.625578,37.6063916
Русский язык как иностранный и Иностранный язык (английский),Москва,55.625578,37.6063916
Физика и Химия,Москва,55.625578,37.6063916
Информатика и Труд (Технология),Москва,55.625578,37.6063916
Физика и Информатика,Москва,55.625578,37.6063916
Право и Иностранный язык (английский),Москва,55.625578,37.6063916
Обществознание и Экономико-правовое образование,Москва,55.625578,37.6063916
История и Воспитательная работа,Москва,55.625578,37.6063916
Математика и Компьютерные науки,Москва,55.625578,37.6063916
Математика и Экономика,Москва,55.625578,37.6063916
История и Иностранный язык (английский),Москва,55.625578,37.6063916
История и Обществознание. Организация воспитательной деятельности,Москва,55.625578,37.6063916
Иностранный язык (китайский) и Русский язык как иностранный,Москва,55.625578,37.6063916
Иностранный язык (английский) и Иностранный язык (испанский/французский),Москва,55.625578,37.6063916
Иностранный язык (китайский) и Иностранный язык (английский),Москва,55.625578,37.6063916
Иностранный язык (английский) и Иностранный язык (итальянский/немецкий),Москва,55.625578,37.6063916
Изобразительное искусство и Дополнительное образование,Москва,55.625578,37.6063916
Дополнительное образование (в области эстрадно-джазового искусства),Москва,55.625578,37.6063916
Музыка и Дополнительное образование (в области музыкального искусства),Москва,55.625578,37.6063916
Мировая художественная культура и Дополнительное образование (журналистика),Москва,55.625578,37.6063916
Начальное образование и Информатика,Москва,55.625578,37.6063916
Начальное образование и История,Москва,55.625578,37.6063916
Начальное образование и Иностранный язык (английский),Москва,55.625578,37.6063916
Биология и Иностранный язык (английский),Москва,55.625578,37.6063916
Биология и Безопасность жизнедеятельности,Москва,55.625578,37.6063916
География и Иностранный язык (английский/китайский),Москва,55.625578,37.6063916
Дизайн и технология художественной обработки нетрадиционных материалов,Челябинск,55.1598408,61.4025547
Автоматика и программирование интеллектуальных систем управления,Челябинск,55.1598408,61.4025547
Управление техническим состоянием автотранспортных средств и специальной техники,Челябинск,55.1598408,61.4025547
Цифровая транспортная логистика,Челябинск,55.1598408,61.4025547
Производство цветных металлов,Челябинск,55.1598408,61.4025547
Управление промышленными роботами и манипуляторами,Челябинск,55.1598408,61.4025547
Перспективные двигатели,Челябинск,55.1598408,61.4025547
Информационные системы и технологии в ИТ-проектах,Челябинск,55.1598408,61.4025547
Экономика данных и искусственный интеллект,Пермь,58.0108531,56.2318528
Экономика данных и искусственный интеллект,Москва,55.625578,37.6063916
"Международно-правовой профиль (сетевая программа, реализуемая совместно с Ташкентским госу..",Нижний Новгород,56.3264816,44.0051395
Стоматология (российско-египетская образовательная программа на английском языке),Нижний Новгород,56.3264816,44.0051395
Стоматология (российско-китайская совместная образовательная программа на английском языке),Нижний Новгород,56.3264816,44.0051395
Лечебное дело (российско-египетская образовательная программа на английском языке),Нижний Новгород,56.3264816,44.0051395
Лечебное дело (российско-китайская совместная образовательная программа на английском языке),Нижний Новгород,56.3264816,44.0051395
Общая биология (сетевая программа реализуемая совместно с Университетом МГУ-ППИ в Шэнчжэне..,Нижний Новгород,56.3264816,44.0051395
Химическая технология производств веществ и материалов,Нижний Новгород,56.3264816,44.0051395
Проектирование и эксплуатация технических систем,Темрюк,45.2823609,37.3658235
Проектирование и эксплуатация технических систем,Москва,55.625578,37.6063916
Проектирование и эксплуатация технических систем,Липецк,52.6051488,39.5963775
Информатика и Математика,Москва,55.625578,37.6063916
Business process Management (study in English),Москва,55.625578,37.6063916
Кинопроизводство,Москва,55.625578,37.6063916
Кинопроизводство,Владивосток,43.1150678,131.8855768
Управление качеством в инновационной экономике,Ульяновск,54.3150278,48.403373
Аддитивные технологии в авиастроении,Ульяновск,54.3150278,48.403373
"Технология, оборудование и автоматизация машиностроительных производств",Ульяновск,54.3150278,48.403373
Теплогазоснабжение населенных мест и предприятий,Ульяновск,54.3150278,48.403373
"Прикладная лингвистика, лингводидактика и цифровые коммуникации",Ульяновск,54.3150278,48.403373
Управление медиакоммуникациям,Ульяновск,54.3150278,48.403373
Цифровые технологии конструирования и производства электронных средств,Ульяновск,54.3150278,48.403373
Строительство и эксплуатация объектов нефтегазовой отрасли,Ухта,63.5623797,53.6842376
Промышленная экология,Ульяновск,54.3150278,48.403373
Искусственный интеллект и предиктивная аналитика,Ульяновск,54.3150278,48.403373
Управление проектами в IT сфере,Челябинск,55.1598408,61.4025547
Управление проектами в IT сфере,Ульяновск,54.3150278,48.403373
Маркетинг и бизнес-аналитика,Екатеринбург,56.8382071,60.6007886
Искусственный интеллект в маркетинговых коммуникациях и PR,Екатеринбург,56.8382071,60.6007886
Музыкальное искусство и педагогика,Орел,52.9709262,36.0642127
Технологии креативных индустрий,Ставрополь,45.0433245,41.9690934
"Начальное образование, русский язык и литература",Ставрополь,45.0433245,41.9690934
Мехатронные системы,Ставрополь,45.0433245,41.9690934
Технические и роботизированные системы в агропромышленном комплексе,Казань,55.7946485,49.1115022
Экологический менеджмент и аудит агроландшафтов,Ярославль,57.6263877,39.8933705
Экологический менеджмент и аудит агроландшафтов,Казань,55.7946485,49.1115022
Кадровый сервис и аудит,Хабаровск,48.4812568,135.0762968
Регионы России: государственное управление,Волгоград,48.7081906,44.5153353
"Иностранный язык (английский – первый иностранный язык, арабский – второй иностранный язык)",Махачкала,42.9830241,47.5048717
"Иностранный язык (английский – первый иностранный язык, арабский – второй иностранный язык)",Липецк,52.6051488,39.5963775
Социальные и образовательные проекты в области сценического искусства,Липецк,52.6051488,39.5963775
Изобразительное искусство и дополнительное образование в области художественной обработки ..,Липецк,52.6051488,39.5963775
Цифровое государственное управление и экономическая политика,Липецк,52.6051488,39.5963775
Востоковедение,Липецк,52.6051488,39.5963775
Аналитика и управление социально-политическими процессами,Липецк,52.6051488,39.5963775
Технология и дополнительное образование в области робототехники,Липецк,52.6051488,39.5963775
Машинное обучение и искусственный интеллект,Липецк,52.6051488,39.5963775
Театральная режиссура и актерское мастерство. Преподавание художественно-творческих дисцип..,Челябинск,55.1598408,61.4025547
"Руководство хореографическим коллективом, танцевально-спортивным клубом. Преподавание хоре..",Челябинск,55.1598408,61.4025547
"Руководство студией декоративно-прикладного творчества, преподавание художественно-творчес..",Челябинск,55.1598408,61.4025547
Технологии беспилотных систем и искусственного интеллекта в АПК,Ижевск,56.8529729,53.2103071
Технологии беспилотных систем и искусственного интеллекта в АПК,Балашиха,55.7997662,37.9373707
Менеджмент технологических процессов производства молока и молочной продукции,Ижевск,56.8529729,53.2103071
Менеджмент технологических процессов производства молока и молочной продукции,Вологда,59.2189391,39.8933913
Маркетинг и цифровые коммуникации,Владивосток,43.1150678,131.8855768
Информационные технологии (по элективным модулям),Екатеринбург,56.8382071,60.6007886
Управление документами в условиях цифровой экономики,Екатеринбург,56.8382071,60.6007886
Дизайн (по элективным модулям),Екатеринбург,56.8382071,60.6007886
Цифровизация и управление бизнесом,Москва,55.625578,37.6063916
Цифровизация и управление бизнесом,Екатеринбург,56.8382071,60.6007886
Психологическая диагностика и консультирование,Екатеринбург,56.8382071,60.6007886
Оборудование и технологии сварочного производства,Екатеринбург,56.8382071,60.6007886
Высокоэнергетические процессы и технологии в машиностроении и материалообработке,Екатеринбург,56.8382071,60.6007886
"Уголовно-правовая специализация, предварительное расследование в органах внутренних дел",Москва,55.625578,37.6063916
"Административная деятельность полиции, деятельность сотрудника подразделения по обеспечени..",Москва,55.625578,37.6063916
Информационные технологии в интеллектуальной электроэнергетике,Чебоксары,56.1399598,47.2480999
Цифровые технологии в релейной защите и автоматике электроэнергетических систем,Чебоксары,56.1399598,47.2480999
Искусственный интеллект: нейросети и нейрочипы,Чебоксары,56.1399598,47.2480999
Электроснабжение специальных технических систем и объектов,Москва,55.625578,37.6063916
Военно-политическая пропаганда и агитация,Санкт-Петербург,59.9606739,30.1586551
Организация охраны и конвоирования  в уголовно исполнительной системе,Рязань,54.6295687,39.7425039
Организация охраны и конвоирования  в уголовно исполнительной системе,Воронеж,51.6605982,39.2005858
Кадровая и организационно-мобилизационная работа,Воронеж,51.6605982,39.2005858
Техническая эксплуатация радиоэлектронных комплексов воздушных судов,Воронеж,51.6605982,39.2005858
Применение и эксплуатация авиационного оборудования комплексов с беспилотными летательными..,Воронеж,51.6605982,39.2005858
Физика температурных процессов,Южно-Сахалинск,46.9574273,142.727438
Товарная экспертиза и категорийный менеджмент в сфере товаров зооветеринарного назначения,Москва,55.625578,37.6063916
Биоинформатика и биоинформационный анализ в АПК,Москва,55.625578,37.6063916
Производственный менеджмент в пищевых технологиях продукции животноводства,Москва,55.625578,37.6063916
Переработка продукции животноводства и управления рисками в АПК,Москва,55.625578,37.6063916
Биофармацевтика,Москва,55.625578,37.6063916
Экология в агробиотехнологиях,Москва,55.625578,37.6063916
Микробиология и вирусология,Москва,55.625578,37.6063916
Селекция и генетика животных,Москва,55.625578,37.6063916
Нутрициология и благополучие животных,Москва,55.625578,37.6063916
Ветеринарно-санитарный контроль качества и безопасности пищевых продуктов,Москва,55.625578,37.6063916
Ветеринарно-санитарный контроль качества и безопасности пищевых продуктов,Воронеж,51.6605982,39.2005858
Общеклиническая ветеринария,Челябинск,55.1598408,61.4025547
Общеклиническая ветеринария,Ульяновск,54.3150278,48.403373
Общеклиническая ветеринария,Улан-Удэ,51.8357841,107.5839105
Общеклиническая ветеринария,Ставрополь,45.0433245,41.9690934
Общеклиническая ветеринария,Самара,53.1956255,50.1014927
Общеклиническая ветеринария,Рязань,54.6295687,39.7425039
Общеклиническая ветеринария,Москва,55.625578,37.6063916
Общеклиническая ветеринария,Курск,51.7270357,36.192248
Общеклиническая ветеринария,Иркутск,52.2891225,104.279829
Общеклиническая ветеринария,Вологда,59.2189391,39.8933913
Общеклиническая ветеринария,Владикавказ,43.024593,44.68211
Общеклиническая ветеринария,Великие Луки,56.342361,30.527922
Общеклиническая ветеринария,Брянск,53.2423778,34.3668288
Ветеринарная медицина мелких домашних животных,Москва,55.625578,37.6063916
Продюсер кино и телевидения,Москва,55.625578,37.6063916
Цифровые медиа,Москва,55.625578,37.6063916
Разработка и эксплуатация специальной техники,Москва,55.625578,37.6063916
Теоретическая криптография,Москва,55.625578,37.6063916
Контроль точности работы измерительных систем,Санкт-Петербург,59.9606739,30.1586551
Программное обеспечение АСУ ракетно-космической обороны,Санкт-Петербург,59.9606739,30.1586551
Вычислительные комплексы и сети ракетно-космической обороны,Санкт-Петербург,59.9606739,30.1586551
Системный анализ и управление космическими аппаратами,Санкт-Петербург,59.9606739,30.1586551
Компьютерные технологии анализа информации ракет-носителей и космических аппаратов,Санкт-Петербург,59.9606739,30.1586551
Технологии администрирования автоматизированных систем,Санкт-Петербург,59.9606739,30.1586551
Радиоэлектронные системы и комплексы сбора и обработки информации,Санкт-Петербург,59.9606739,30.1586551
Электроснабжение,Санкт-Петербург,59.9606739,30.1586551
Эксплуатация инженерно-технических систем зданий и сооружений,Санкт-Петербург,59.9606739,30.1586551
Строительство и эксплуатация зданий и сооружений,Санкт-Петербург,59.9606739,30.1586551
Уголовно-правовая (Предварительное расследование в органах внутренних дел),Хабаровск,48.4812568,135.0762968
Проектирование и сопровождение информационных систем,Знаменск,54.6189353,21.2328763
"Тексты, языки и цифровые инструменты",Санкт-Петербург,59.9606739,30.1586551
Программирование и инжиниринг компьютерных игр,Санкт-Петербург,59.9606739,30.1586551
Эксплуатация и ремонт технических средств,Мелитополь,46.8467267,35.3827281
"Инжиниринг машин, механизмов и конструкций",Краснодар,45.0351532,38.9772396
Организация и технологии защиты информации (по отраслям),Уфа,54.7261409,55.947499
Организация и технологии защиты информации (по отраслям),Краснодар,45.0351532,38.9772396
Технология и организация туроператорских и турагентских услуг,Нижний Новгород,56.3264816,44.0051395
Технология и организация туроператорских и турагентских услуг,Москва,55.625578,37.6063916
Технология и организация туроператорских и турагентских услуг,Калуга,54.5101087,36.2598115
Управление рисками государства и бизнеса в цифровых экосистемах,Волгоград,48.7081906,44.5153353
Дизайн физической и виртуальной среды,Волгоград,48.7081906,44.5153353
Индустриальная педагогика,Волгоград,48.7081906,44.5153353
Дизайн бизнеса,Волгоград,48.7081906,44.5153353
Нейромаркетинг,Волгоград,48.7081906,44.5153353
Бизнес-аналитика,Волгоград,48.7081906,44.5153353
Экономика цифровых предприятий и сервисов,Волгоград,48.7081906,44.5153353
Материально-техническое обеспечение УИС,Рязань,54.6295687,39.7425039
Пробация,Рязань,54.6295687,39.7425039
Дошкольное образование и дополнительное начальное образование,Кумертау,52.760975,55.796482
"Анализ, контроль и правовое обеспечение экономической безопасности хозяйствующих субъектов",Кумертау,52.760975,55.796482
Художник виртуальных персонажей в виртуальном пространстве,Москва,55.625578,37.6063916
Управление государственными и муниципальными закупками,Москва,55.625578,37.6063916
Эксплуатация судовых энергетических установок судов смешанного река-море плавания,Самара,53.1956255,50.1014927
Эксплуатация судовых энергетических установок судов смешанного река-море плавания,Астрахань,46.3498308,48.0326203
Информационно-аналитические технологии в государственном и муниципальном управлении,Сыктывкар,61.6685237,50.8352024
Современные кадровые технологии в управлении персоналом,Сыктывкар,61.6685237,50.8352024
Управление проектами в государственной и муниципальной сфере,Ейск,46.7112094,38.2747987
Финансовая разведка в цифровой экономике,Ейск,46.7112094,38.2747987
"Концертные народные инструменты (по видам инструментов: баян, аккордеон, домра, балалайка,..",Тамбов,52.7216164,41.4523988
"Концертные духовые и ударные инструменты (по видам инструментов: флейта, кларнет, гобой, ф..",Тамбов,52.7216164,41.4523988
"Концертные струнные инструменты (по видам инструментов: скрипка, альт, виолончель, контраб..",Тамбов,52.7216164,41.4523988
Руководство фольклорным коллективом,Тамбов,52.7216164,41.4523988
Руководство хореографическим коллективом,Тамбов,52.7216164,41.4523988
Дополнительное образование (в области вокального искусства),Тамбов,52.7216164,41.4523988
Музыкальная педагогика (в сфере основного общего и дополнительного образования),Тамбов,52.7216164,41.4523988
Дошкольная педагогика,Казань,55.7946485,49.1115022
Hotel business,Ростов-на-Дону,47.2222596,39.7198736
Экономика и управление,Москва,55.625578,37.6063916
Экономика и финансы,Москва,55.625578,37.6063916
Перевод и переводоведение (языки стран Востока),Москва,55.625578,37.6063916
Руководство проведением спасательных операций особого риска,Санкт-Петербург,59.9606739,30.1586551
Межбанковские информационно-телекоммуникационные технологии,Йошкар-Ола,56.6315556,47.8868803
Проектирование и управление в социально-образовательной сфере,Улан-Удэ,51.8357841,107.5839105
Проектирование и управление в социально-образовательной сфере,Ростов-на-Дону,47.2222596,39.7198736
PR и цифровые коммуникации в креативных индустриях,Ростов-на-Дону,47.2222596,39.7198736
Реклама в брендинге и интернет-маркетинге,Ростов-на-Дону,47.2222596,39.7198736
Логистика и управление бизнес процессами в торговле,Ростов-на-Дону,47.2222596,39.7198736
Нейротехнологии в практической психологии,Ростов-на-Дону,47.2222596,39.7198736
Менеджмент в аквакультуре,Ростов-на-Дону,47.2222596,39.7198736
Управление бизнес-процессами и инженерно-экономическим обеспечением водного транспорта,Ростов-на-Дону,47.2222596,39.7198736
Управление бизнес-процессами и инженерно-экономическим обеспечением водного транспорта,Владивосток,43.1150678,131.8855768
Судостроение и судоремонт,Ростов-на-Дону,47.2222596,39.7198736
Судостроение и судоремонт,Владивосток,43.1150678,131.8855768
Инженерно-техническое обеспечение полетов воздушных судов и беспилотных летательных аппара..,Ростов-на-Дону,47.2222596,39.7198736
Инженерно-техническое обеспечение полетов воздушных судов и беспилотных летательных аппара..,Барнаул,53.3475493,83.7788448
Беспилотные авиационные системы,Ростов-на-Дону,47.2222596,39.7198736
Роботы и мехатронные системы,Ростов-на-Дону,47.2222596,39.7198736
Управление и мониторинг машиностроительного оборудования,Ростов-на-Дону,47.2222596,39.7198736
Инженерное программирование в машиностроении,Ростов-на-Дону,47.2222596,39.7198736
Цифровое проектирование и программирование в приборостроении,Ростов-на-Дону,47.2222596,39.7198736
Интеллектуальные электронные системы,Ростов-на-Дону,47.2222596,39.7198736
Радиоэлектроника беспилотных средств и алгоритмы обработки информации,Ростов-на-Дону,47.2222596,39.7198736
Бизнес-инжиниринг и экспертиза в стройиндустрии,Ростов-на-Дону,47.2222596,39.7198736
Трансляционная биоинженерия,Ростов-на-Дону,47.2222596,39.7198736
Образовательные технологии в прикладной физике и математике,Ростов-на-Дону,47.2222596,39.7198736
Моделирование процессов и производств нефтегазового комплекса,Ростов-на-Дону,47.2222596,39.7198736
Анимационная деятельность,Сочи,43.5854823,39.723109
Исторические и современные клавишные инструменты,Москва,55.625578,37.6063916
Биоматериаловедение,Москва,55.625578,37.6063916
Русский язык и дополнительное образование (медиакоммуникация),Тольятти,53.5098845,49.4189187
Музыкальное образование и театральное искусство,Тольятти,53.5098845,49.4189187
Музыкальное образование и театральное искусство,Елец,52.6219865,38.5003298
История и дополнительное образование (экскурсионная и анимационная деятельность в туризме),Тольятти,53.5098845,49.4189187
Начальное образование. Детская практическая психология,Тольятти,53.5098845,49.4189187
Подземная разработка рудных месторождений и современные цифровые технологии добычи полезны..,Верхняя Пышма,56.9724682,60.5738926
Экономика и управление горно-металлургическим предприятием,Верхняя Пышма,56.9724682,60.5738926
Теория и практика современных средств массовой информации,Обнинск,55.0951738,36.611913
Правоприменение в области гражданско-правовых отношений,Обнинск,55.0951738,36.611913
Безопасность компьютерных систем в сфере профессиональной деятельности,Москва,55.625578,37.6063916
Управление проектом,Обнинск,55.0951738,36.611913
"Экономика, предпринимательство и финансы",Обнинск,55.0951738,36.611913
Электротехнологические системы и установки,Обнинск,55.0951738,36.611913
Обработка и анализ данных в сложных динамических системах,Саратов,51.530018,46.034683
Зарубежная филология (английский и немецкий/французский языки; немецкий и английский языки..,Саратов,51.530018,46.034683
Зарубежная филология (английский и немецкий/французский языки; немецкий и английский языки..,Саратов,51.530018,46.034683
Зарубежная филология (английский и немецкий/французский языки; немецкий и английский языки..,Саратов,51.530018,46.034683
"Информационные технологии, математическое моделирование и компьютерный инжиниринг механиче..",Саратов,51.530018,46.034683
Информационные технологии в гидрометеорологии,Саратов,51.530018,46.034683
Цифровые технологии в территориальном планировании,Саратов,51.530018,46.034683
"Экономическая, политическая и рекреационная география",Саратов,51.530018,46.034683
Информационные системы и защита информации,Стерлитамак,53.6194416,55.9616172
"Эксплуатация и обслуживание объектов переработки, хранения и транспортировки нефти и газа",Стерлитамак,53.6194416,55.9616172
Звукорежиссура зрелищных программ,Кемерово,55.3550907,86.0871213
Музыкально-инструментальное искусство,Кемерово,55.3550907,86.0871213
Проектирование цифрового контента и web-дизайн,Кемерово,55.3550907,86.0871213
Педагог народно-сценического танца,Кемерово,55.3550907,86.0871213
Дополнительное образование. Педагог-организатор,Кемерово,55.3550907,86.0871213
Театральное творчество,Кемерово,55.3550907,86.0871213
Промышленный и предметный дизайн,Тольятти,53.5098845,49.4189187
Промышленный и предметный дизайн,Москва,55.625578,37.6063916
Психология и педагогика дошкольного образования,Обнинск,55.0951738,36.611913
Психология и педагогика дошкольного образования,Набережные Челны,55.7419774,52.399207
Психология и педагогика дошкольного образования,Калуга,54.5101087,36.2598115
Психология и педагогика дошкольного образования,Воронеж,51.6605982,39.2005858
Арт-технологии в художественном проектировании изделий из керамики,Кемерово,55.3550907,86.0871213
"Физическая культура, Реабилитационная педагогика",Бирск,55.4206774,55.5407179
"Дошкольное образование, Начальное образование",Бирск,55.4206774,55.5407179
"История, Социальная педагогика",Бирск,55.4206774,55.5407179
"Английский язык, Родной (башкирский) язык и литература",Бирск,55.4206774,55.5407179
"Начальное образование, Дополнительное образование (креативные индустрии в изобразительном ..",Бирск,55.4206774,55.5407179
"Иностранный язык (английский), Дополнительное образование (переводоведение)",Бирск,55.4206774,55.5407179
Черчение и компьютерная графика,Бирск,55.4206774,55.5407179
"Эксплуатация, ремонт, обслуживание, санитарное содержание жилищного фонда и объектов гражд..",Бирск,55.4206774,55.5407179
Инженерно-геодезические изыскания в землеустройстве,Бирск,55.4206774,55.5407179
Надзор в сфере охраны труда и готовности к чрезвычайным ситуациям,Бирск,55.4206774,55.5407179
Электроэнергетические сети и электрооборудование производственных и жилых объектов,Бирск,55.4206774,55.5407179
Электроэнергетические сети и электрооборудование производственных и жилых объектов,Барнаул,53.3475493,83.7788448
Технологические машины и оборудование в промышленности,Москва,55.625578,37.6063916
Технологические машины и оборудование в промышленности,Воронеж,51.6605982,39.2005858
Конфликтология в управлении персоналом,Курск,51.7270357,36.192248
Информационные системы и аналитика данных в международном бизнесе,Хабаровск,48.4812568,135.0762968
Информационные системы и аналитика данных в международном бизнесе,Курск,51.7270357,36.192248
Педагогика и психология дополнительного образования,Пенза,53.1953477,45.0190437
Педагогика и психология дополнительного образования,Невинномысск,44.6245814,41.9475941
Фармацевтическая и пищевая биотехнология,Пенза,53.1953477,45.0190437
Постстрессовая психотерапия для лиц с физическими и психологическими травмами,Сочи,43.5854823,39.723109
Постстрессовая психотерапия для лиц с физическими и психологическими травмами,Москва,55.625578,37.6063916
Системное администрирование информационно-коммуникационных систем,Сочи,43.5854823,39.723109
Системное администрирование информационно-коммуникационных систем,Москва,55.625578,37.6063916
Прикладная информатика в строительстве,Москва,55.625578,37.6063916
Реставрация скульптуры,Санкт-Петербург,59.9606739,30.1586551
Медальерное искусство,Санкт-Петербург,59.9606739,30.1586551
"Физика в системе основного, среднего общего и среднего профессионального образования",Тверь,56.858675,35.9208284
Медиация и социальная педагогика,Тверь,56.858675,35.9208284
Медиация и социальная педагогика,Ставрополь,45.0433245,41.9690934
Изобразительное искусство в образовании и дизайн,Тверь,56.858675,35.9208284
Региональное развитие и геоинформационные технологии,Тверь,56.858675,35.9208284
"Информационные системы, программирование и анализ данных",Тверь,56.858675,35.9208284
Инженерное компьютерное проектирование и индустриальная математика,Тверь,56.858675,35.9208284
Техника и технологии комплексов радиовещания,Санкт-Петербург,59.9606739,30.1586551
Звукоинженерия в теле- и киноиндустрии,Санкт-Петербург,59.9606739,30.1586551
Классификация и происхождение товаров в таможенных целях,Владивосток,43.1150678,131.8855768
Компьютерные технологии в дизайне,Санкт-Петербург,59.9606739,30.1586551
AI360: ML NATIVE,Санкт-Петербург,59.9606739,30.1586551
Технология производства и переработки продукции животноводства и растениеводства,Барнаул,53.3475493,83.7788448
Цифровой маркетинг,Самара,53.1956255,50.1014927
Управление в сфере молодежной политики,Самара,53.1956255,50.1014927
Социальное проектирование в государственном управлении,Самара,53.1956255,50.1014927
Информационные системы на финансовых рынках,Самара,53.1956255,50.1014927
Управление качеством в производственно-технологических и социально-экономических системах,Архангельск,64.543022,40.537121
Управление в креативных индустриях,Москва,55.625578,37.6063916
Дополнительное образование (в области сценического искусства),Москва,55.625578,37.6063916
Цифровой дизайн и веб-разработка,Москва,55.625578,37.6063916
Бизнес-аналитик 1С,Москва,55.625578,37.6063916
Информационные системы и технологии в отраслях транспортно-дорожного комплекса,Москва,55.625578,37.6063916
Искусство мультимедиа: режиссура и технологии,Москва,55.625578,37.6063916
Артист-танцовщик ансамбля спортивного бального танца (педагог- репетитор),Волгоград,48.7081906,44.5153353
Востоковедение и африканистика,Москва,55.625578,37.6063916
Медиалингвистика и коммуникации,Томск,56.4887526,84.9523434
История: культура и власть,Москва,55.625578,37.6063916
Медиа и цифровые индустрии,Москва,55.625578,37.6063916
Медиа и цифровые индустрии,Москва,55.625578,37.6063916
История: культура и власть,Москва,55.625578,37.6063916
Управление образовательным продуктом,Москва,55.625578,37.6063916
Публичное управление,Москва,55.625578,37.6063916
Медиа и цифровые индустрии,Москва,55.625578,37.6063916
Востоковедение и африканистика,Москва,55.625578,37.6063916
Управление образовательным продуктом,Москва,55.625578,37.6063916
Публичное управление,Москва,55.625578,37.6063916
Медиа и цифровые индустрии,Москва,55.625578,37.6063916
Организация производства и проектирование цифровых двойников предприятий,Калуга,54.5101087,36.2598115
Цифровое проектирование конструкций и технологий соединения материалов,Калуга,54.5101087,36.2598115
Профессионально ориентированный перевод,Симферополь,44.9521459,34.1024858
Английский язык и литература с изучением второго иностранного,Симферополь,44.9521459,34.1024858
Украинский язык и литература. Английский язык,Симферополь,44.9521459,34.1024858
Начальное и дошкольное образование с курсом логопедии,Симферополь,44.9521459,34.1024858
"Международные отношения, геополитика и глобалистика",Симферополь,44.9521459,34.1024858
Технические средства природообустройства и защиты в чрезвычайных ситуациях,Красноярск,56.0091173,92.872586
Экономика персонала,Красноярск,56.0091173,92.872586
Технологическая подготовка деревообрабатывающих производств,Красноярск,56.0091173,92.872586
Экология и природоохранное обустройство территорий,Красноярск,56.0091173,92.872586
Инжиниринг информационных систем и бизнес-процессов,Красноярск,56.0091173,92.872586
Менеджмент в сфере туризма,Петропавловск-Камчатский,53.0199838,158.6471356
Экономика и предпринимательство в туризме,Петропавловск-Камчатский,53.0199838,158.6471356
Водные технологии,Симферополь,44.9521459,34.1024858
Автоматизация промышленных предприятий,Симферополь,44.9521459,34.1024858
Художественная роспись,Белгород,50.5955595,36.5873394
Организация туристкой деятельности,Кызыл,51.719079,94.4300679
Организация туристкой деятельности,Белгород,50.5955595,36.5873394
Проектирование и продюсирование в социально-культурной сфере,Белгород,50.5955595,36.5873394
Математическое моделирование и теория управления,Москва,55.625578,37.6063916
Проектирование и разработка комплексных бизнес-приложений,Москва,55.625578,37.6063916
Фундаментальная математика,Москва,55.625578,37.6063916
Естественные и компьютерные науки,Москва,55.625578,37.6063916
Проектирование технологических машин-автоматов и автоматизированных комплексов,Москва,55.625578,37.6063916
Управление техническими системами в креативных индустриях,Москва,55.625578,37.6063916
Управление высокотехнологичными проектами,Нижний Новгород,56.3264816,44.0051395
Управление трансфером технологий,Нижний Новгород,56.3264816,44.0051395
Сервис на транспорте,Омск,54.991375,73.371529
Медицинская инженерия и цифровые технологии,Магнитогорск,53.4070173,58.9811297
Медицинская инженерия и цифровые технологии,Казань,55.7946485,49.1115022
Конференц-перевод,Москва,55.625578,37.6063916
Сети и сетевые устройства вычислительных систем,Казань,55.7946485,49.1115022
Техническое обеспечение эксплуатации спортивных объектов,Казань,55.7946485,49.1115022
Мехатроника киберфизических систем,Казань,55.7946485,49.1115022
Цифровая энергетика,Камышин,50.0808422,45.4048003
Системы автоматического управления беспилотными аппаратами,Казань,55.7946485,49.1115022
Электропривод и средства автоматизации,Казань,55.7946485,49.1115022
Электрическое и электронное оборудование автомобилей и тракторов,Казань,55.7946485,49.1115022
Проектирование и производство судов,Казань,55.7946485,49.1115022
Цифровое проектирование в самолетостроении,Казань,55.7946485,49.1115022
"Калмыцкий язык и литература, китайский язык",Элиста,46.3073288,44.2692214
Формообразующие технологии в машиностроении,Казань,55.7946485,49.1115022
Дизайн и технология художественной обработки материалов,Элиста,46.3073288,44.2692214
Зооинженеринг и IT-технологии в животноводстве,Элиста,46.3073288,44.2692214
Зооинженеринг и IT-технологии в животноводстве,Белгород,50.5955595,36.5873394
Государственная служба и управление городом,Москва,55.625578,37.6063916
Технология и Дополнительное образование (техническое творчество и дизайн),Воронеж,51.6605982,39.2005858
Технология и Дополнительное образование (техническое творчество и дизайн),Бийск,52.5394905,85.2148673
История и Организация воспитательной деятельности,Воронеж,51.6605982,39.2005858
Педагог профессионального образования (технологии производственных процессов и их безопасн..,Воронеж,51.6605982,39.2005858
Правоприменительная деятельность в гражданско-правовой и уголовно-правовой сферах,Новокузнецк,53.7575903,87.1358494
Управление банковским бизнесом,Москва,55.625578,37.6063916
Менеджмент изменений,Москва,55.625578,37.6063916
Управление транспортными системами,Новосибирск,55.0288307,82.9226887
Управление транспортными системами,Москва,55.625578,37.6063916
Статистика и управление данными,Москва,55.625578,37.6063916
Программирование и администрирование систем радиосвязи,Самара,53.1956255,50.1014927
Программирование и администрирование сетей и систем связи,Самара,53.1956255,50.1014927
Программирование и администрирование сетей и систем связи,Оренбург,51.7671248,55.0978517
Управление цифровыми инновациями,Самара,53.1956255,50.1014927
Политика и экономика стран Северо-Восточной Азии,Иркутск,52.2891225,104.279829
Инвестиционно-строительный бизнес,Иркутск,52.2891225,104.279829
Организация строительного производства,Иркутск,52.2891225,104.279829
Помощник руководителя в системе управления организацией,Санкт-Петербург,59.9606739,30.1586551
Менеджмент и маркетинг,Лысьва,58.0996334,57.7964506
Налоги и бизнес в цифровой экономике,Ростов-на-Дону,47.2222596,39.7198736
Международная торговля и таможенное дело в цифровой экономике,Ростов-на-Дону,47.2222596,39.7198736
Флористический дизайн,Казань,55.7946485,49.1115022
Культурный менеджмент и кураторство арт-проектами,Казань,55.7946485,49.1115022
Арт-критика,Казань,55.7946485,49.1115022
"Педагог спортивно-бального танца, тренер",Казань,55.7946485,49.1115022
Лечебно-диагностический профиль,Анапа,44.894272,37.316887
Финансы и управление активами,Сочи,43.5854823,39.723109
Финансы и управление активами,Краснодар,45.0351532,38.9772396
Финансы и управление активами,Анапа,44.894272,37.316887
Корабельные и судовые энергетические установки,Санкт-Петербург,59.9606739,30.1586551
Интеллектуальное управление морскими беспилотными системами,Санкт-Петербург,59.9606739,30.1586551
Оборудование и технология сварочного производства (программа подготовки инженеров-сварщико..,Санкт-Петербург,59.9606739,30.1586551
Морская добыча и подготовка к транспортировке нефти и газа,Санкт-Петербург,59.9606739,30.1586551
Программно-аппаратные комплексы управления и обработки информации,Санкт-Петербург,59.9606739,30.1586551
Искусственный интеллект и цифровые технологии в промышленности,Санкт-Петербург,59.9606739,30.1586551
Программное обеспечение интеллектуальных компьютерных и встраиваемых систем,Санкт-Петербург,59.9606739,30.1586551
Технологии материалов микроэлектроники,Москва,55.625578,37.6063916
Конструирование и производство технологического оборудования для производства электронной ..,Москва,55.625578,37.6063916
Графический дизайн и мультимедиа,Мелитополь,46.8467267,35.3827281
Педагог-хореограф,Тула,54.1930321,37.61754
Перевод и переводоведение (английский язык и немецкий/испанский/французский/китайский/араб..,Тула,54.1930321,37.61754
Филологическое обеспечение права,Тула,54.1930321,37.61754
"Иностранный язык (английский) и Иностранный язык (немецкий или французский, или китайский)",Тула,54.1930321,37.61754
Детская практическая психология и консультативная работа с семьей,Тула,54.1930321,37.61754
Детская практическая психология и консультативная работа с семьей,Краснодар,45.0351532,38.9772396
Социальная работа в организациях различных сфер деятельности,Тула,54.1930321,37.61754
Геодезическое обеспечение строительного надзора и экспертиз,Краснодар,45.0351532,38.9772396
Геодезическое обеспечение строительного надзора и экспертиз,Белгород,50.5955595,36.5873394
Публичная политика в социально-экономической сфере,Белгород,50.5955595,36.5873394
Технология деревоперерабатывающих производств,Тверь,56.858675,35.9208284
Технология деревоперерабатывающих производств,Красноярск,56.0091173,92.872586
Технология деревоперерабатывающих производств,Белгород,50.5955595,36.5873394
Цифровизация технического регулирования и метрологии,Белгород,50.5955595,36.5873394
"Машинное обучение, методы оптимизации и прогнозирование",Краснодар,45.0351532,38.9772396
Сертификация и менеджмент качества,Белгород,50.5955595,36.5873394
Материаловедение и технологии конструкционных и специальных материалов,Белгород,50.5955595,36.5873394
Рациональное использование материальных и энергетических ресурсов в химической технологии ..,Белгород,50.5955595,36.5873394
Информационные биотехнические системы и технологии,Белгород,50.5955595,36.5873394
Интеллектуальные системы,Курск,51.7270357,36.192248
Интеллектуальные системы,Воронеж,51.6605982,39.2005858
Интеллектуальные системы,Белгород,50.5955595,36.5873394
Электроснабжение и механизация строительства,Белгород,50.5955595,36.5873394
Техническая эксплуатация объектов жилищно-коммунального комплекса,Иркутск,52.2891225,104.279829
Техническая эксплуатация объектов жилищно-коммунального комплекса,Белгород,50.5955595,36.5873394
Автомобили и автомобильное хозяйство,Новокузнецк,53.7575903,87.1358494
Менеджмент производственных систем в машиностроении,Новокузнецк,53.7575903,87.1358494
Экономика и аналитика интеллектуального бизнеса,Ставрополь,45.0433245,41.9690934
Экономика и аналитика интеллектуального бизнеса,Новокузнецк,53.7575903,87.1358494
Разработка месторождений полезных ископаемых открытым или подземным способом,Белгород,50.5955595,36.5873394
Горнопромышленная геология и гидрогеология,Белгород,50.5955595,36.5873394
Международная логистика,Хабаровск,48.4812568,135.0762968
Международная логистика,Белгород,50.5955595,36.5873394
Психологическое обеспечение в чрезвычайных и экстремальных ситуациях,Краснодар,45.0351532,38.9772396
Психологическое обеспечение в чрезвычайных и экстремальных ситуациях,Белгород,50.5955595,36.5873394
Теологические и правовые основы национальной безопасности,Белгород,50.5955595,36.5873394
Практическая философия: инжиниринг нейросетей,Белгород,50.5955595,36.5873394
Интернет-СМИ и периодическая печать,Белгород,50.5955595,36.5873394
"Психосоциальная работа, реабилитация и консультирование",Белгород,50.5955595,36.5873394
Искусственный интеллект и аналитика бизнес-процессов,Ульяновск,54.3150278,48.403373
Искусственный интеллект и аналитика бизнес-процессов,Йошкар-Ола,56.6315556,47.8868803
Искусственный интеллект и аналитика бизнес-процессов,Белгород,50.5955595,36.5873394
Информационные системы и технологии в робототехнике и автоматизации,Белгород,50.5955595,36.5873394
Языковые технологии (английский язык/немецкий язык),Белгород,50.5955595,36.5873394
Дошкольное образование и Детская психология,Белгород,50.5955595,36.5873394
"Иностранный язык (первый, второй)",Белгород,50.5955595,36.5873394
География и Информатика,Белгород,50.5955595,36.5873394
Изобразительное искусство. Черчение и Компьютерная графика,Белгород,50.5955595,36.5873394
Физика и Образовательный менеджмент,Новосибирск,55.0288307,82.9226887
Обществознание и Организация воспитательной деятельности,Новосибирск,55.0288307,82.9226887
Начальное образование и Филологическое образование,Новосибирск,55.0288307,82.9226887
Педагогика профессионального образования,Новосибирск,55.0288307,82.9226887
Реклама и связи с общественностью в межкультурных коммуникациях (русский и английский язык),Новосибирск,55.0288307,82.9226887
Бизнес-психология и коучинг в управлении персоналом,Новосибирск,55.0288307,82.9226887
Менеджмент в креативных индустриях,Пермь,58.0108531,56.2318528
Менеджмент в креативных индустриях,Новосибирск,55.0288307,82.9226887
Гастрономический менеджмент,Кострома,57.7679158,40.9269141
"Начальное образование, Методика воспитательной деятельности",Кострома,57.7679158,40.9269141
Коммуникативные стратегии в образовании,Москва,55.625578,37.6063916
Экономическая безопасность и экспертиза деятельности хозяйствующих субъектов,Зерноград,46.8509244,40.316089
Иммерсивные технологии в музейно-экскурсионной деятельности,Барнаул,53.3475493,83.7788448
Технологии промышленного и прикладного садоводства,Курск,51.7270357,36.192248
Материаловедение и дизайн новых материалов,Владивосток,43.1150678,131.8855768
